Workbook

Sheet Sheet1
A1: EmployeeID | B1: FirstName | C1: LastName | D1: Department | E1: Salary | F1: JoiningDate | G1: PerformanceRating | H1: Bonus | K1: Full name | N1: Tot.Sal | O1: Tot.Sales Sal | P1: SumIfs | Q1: countif | R1: countifs | T1: DATEDIFF | U1: YEAR | V1: TEXT(D,FORMAT) | W1: RANK(E2,E2:E6,0) | X1: ROUND(H2,-3)
A2: 101 | B2: John | C2: Doe | D2: Sales | E2: 55000 | F2: 2019-03-15 | G2: 3 | H2: 5003 | I2: =LEFT(B2,2) -> Jo | J2: =RIGHT(C2,3) -> Doe | K2: =CONCATENATE(B2," ",C2) -> John Doe | L2: =IF(E2>60000,"High","Normal") -> Normal | M2: =_xlfn.IFS(G2=5,"Excellent",G2=4,"Good",G2=3,"Average",G2>=2,"Need Imrovement") -> Average | N2: =SUM(E2:E6) -> 307000 | O2: =SUMIF(D2:D6,"=Sales",E2:E6) -> 113000 | P2: =SUMIFS(E2:E6,G2:G6,"=3",D2:D6,"=Sales") -> 55000 | Q2: =COUNTIF(D2:D6,"=Sales") -> 2 | R2: =COUNTIFS(D2:D6,"=Sales",E2:E6,">55000") -> 1 | T2: =DATEDIF(F2,TODAY(),"d") -> 2553 | U2: =YEAR(F2) -> 2019 | V2: =TEXT(F2,"MMM-YYYY") -> Mar-2019 | W2: =RANK(E2,E2:E6,0) -> 5 | X2: =ROUND(H2,-3) -> 5000
A3: 102 | B3: Jane | C3: Smith | D3: Marketing | E3: 62000 | F3: 2020-07-01 | G3: 4 | H3: 7600 | I3: =LEFT(B3,2) -> Ja | J3: =RIGHT(C3,3) -> ith | K3: =CONCATENATE(B3," ",C3) -> Jane Smith | L3: =IF(E3>60000,"High","Normal") -> High | M3: =_xlfn.IFS(G3=5,"Excellent",G3=4,"Good",G3=3,"Average",G3>=2,"Need Imrovement") -> Good | T3: =DATEDIF(F3,TODAY(),"d") -> 2079 | U3: =YEAR(F3) -> 2020 | V3: =TEXT(F3,"MMM-YYYY") -> Jul-2020 | W3: =RANK(E3,E3:E7,0) -> 2 | X3: =ROUND(H3,-3) -> 8000
A4: 103 | B4: Jake | C4: Johnson | D4: Sales | E4: 58000 | F4: 2018-10-22 | G4: 2 | H4: 4499 | I4: =LEFT(B4,2) -> Ja | J4: =RIGHT(C4,3) -> son | K4: =CONCATENATE(B4," ",C4) -> Jake Johnson | L4: =IF(E4>60000,"High","Normal") -> Normal | M4: =_xlfn.IFS(G4=5,"Excellent",G4=4,"Good",G4=3,"Average",G4>=2,"Need Imrovement") -> Need Imrovement | T4: =DATEDIF(F4,TODAY(),"d") -> 2697 | U4: =YEAR(F4) -> 2018 | V4: =TEXT(F4,"MMM-YYYY") -> Oct-2018 | W4: =RANK(E4,E4:E8,0) -> 4 | X4: =ROUND(H4,-3) -> 4000
A5: 104 | B5: Julia | C5: Brown | D5: HR | E5: 60000 | F5: 2021-01-10 | G5: 5 | H5: 8000 | I5: =LEFT(B5,2) -> Ju | J5: =RIGHT(C5,3) -> own | K5: =CONCATENATE(B5," ",C5) -> Julia Brown | L5: =IF(E5>60000,"High","Normal") -> Normal | M5: =_xlfn.IFS(G5=5,"Excellent",G5=4,"Good",G5=3,"Average",G5>=2,"Need Imrovement") -> Excellent | T5: =DATEDIF(F5,TODAY(),"d") -> 1886 | U5: =YEAR(F5) -> 2021 | V5: =TEXT(F5,"MMM-YYYY") -> Jan-2021 | W5: =RANK(E5,E5:E9,0) -> 3 | X5: =ROUND(H5,-3) -> 8000
A6: 105 | B6: James | C6: Davis | D6: IT | E6: 72000 | F6: 2017-05-30 | G6: 2 | H6: 6000 | I6: =LEFT(B6,2) -> Ja | J6: =RIGHT(C6,3) -> vis | K6: =CONCATENATE(B6," ",C6) -> James Davis | L6: =IF(E6>60000,"High","Normal") -> High | M6: =_xlfn.IFS(G6=5,"Excellent",G6=4,"Good",G6=3,"Average",G6>=2,"Need Imrovement") -> Need Imrovement | T6: =DATEDIF(F6,TODAY(),"d") -> 3207 | U6: =YEAR(F6) -> 2017 | V6: =TEXT(F6,"MMM-YYYY") -> May-2017 | W6: =RANK(E6,E6:E10,0) -> 1 | X6: =ROUND(H6,-3) -> 6000
E8: =AVERAGE(E2:E6) -> 61400 | H8: =MAX(H2:H7) -> 8000
E9: =MIN(E2:E6) -> 55000

Sheet VLOOKUP
A1: EmployeeID
A2: 101 | B2: =VLOOKUP(A2,Sheet1!A1:H6,5) -> 55000 | C2: =VLOOKUP(A2,Sheet1!A1:H6,5,FALSE) -> 55000
A3: 102 | B3: =VLOOKUP(A3,Sheet1!A2:H7,5) -> 62000 | C3: =VLOOKUP(A3,Sheet1!A2:H7,5,FALSE) -> 62000
A4: 103 | B4: =VLOOKUP(A4,Sheet1!A3:H8,5) -> 58000 | C4: =VLOOKUP(A4,Sheet1!A3:H8,5,FALSE) -> 58000
A5: 104 | B5: =VLOOKUP(A5,Sheet1!A4:H9,5) -> 60000 | C5: =VLOOKUP(A5,Sheet1!A4:H9,5,FALSE) -> 60000
A6: 105 | B6: =VLOOKUP(A6,Sheet1!A5:H10,5) -> 72000 | C6: =VLOOKUP(A6,Sheet1!A5:H10,5,FALSE) -> 72000

Sheet XLOOKUP
A1: FirstName
A2: John | B2: =_xlfn.XLOOKUP(A2,Sheet1!B2:B6,Sheet1!D2:D6,"NA",0,1) -> Sales
A3: Jane | B3: =_xlfn.XLOOKUP(A3,Sheet1!B3:B7,Sheet1!D3:D7,"NA",0,1) -> Marketing
A4: Jake | B4: =_xlfn.XLOOKUP(A4,Sheet1!B4:B8,Sheet1!D4:D8,"NA",0,1) -> Sales
A5: Julia | B5: =_xlfn.XLOOKUP(A5,Sheet1!B5:B9,Sheet1!D5:D9,"NA",0,1) -> HR
A6: James | B6: =_xlfn.XLOOKUP(A6,Sheet1!B6:B10,Sheet1!D6:D10,"NA",0,1) -> IT
